{
  "id": "4649080",
  "name": "project",
  "font_family": "iconfont",
  "css_prefix_text": "icon-",
  "description": "",
  "glyphs": [
    {
      "icon_id": "41500852",
      "name": "mti-APP键盘",
      "font_class": "mti-APPjianpan",
      "unicode": "e745",
      "unicode_decimal": 59205
    },
    {
      "icon_id": "41500853",
      "name": "mti-对号",
      "font_class": "mti-duihao",
      "unicode": "e746",
      "unicode_decimal": 59206
    },
    {
      "icon_id": "41500854",
      "name": "mti-关闭",
      "font_class": "mti-guanbi1",
      "unicode": "e747",
      "unicode_decimal": 59207
    },
    {
      "icon_id": "41500855",
      "name": "mti-更多",
      "font_class": "mti-gengduo",
      "unicode": "e748",
      "unicode_decimal": 59208
    },
    {
      "icon_id": "41500856",
      "name": "mti-撤消",
      "font_class": "mti-chexiao",
      "unicode": "e749",
      "unicode_decimal": 59209
    },
    {
      "icon_id": "41500857",
      "name": "mti-帮助中心",
      "font_class": "mti-bangzhuzhongxin",
      "unicode": "e74a",
      "unicode_decimal": 59210
    },
    {
      "icon_id": "41500858",
      "name": "mti-草稿箱",
      "font_class": "mti-caogaoxiang",
      "unicode": "e74b",
      "unicode_decimal": 59211
    },
    {
      "icon_id": "41500859",
      "name": "mti-加",
      "font_class": "mti-jia",
      "unicode": "e74c",
      "unicode_decimal": 59212
    },
    {
      "icon_id": "41500860",
      "name": "mti-关联",
      "font_class": "mti-guanlian",
      "unicode": "e74d",
      "unicode_decimal": 59213
    },
    {
      "icon_id": "41500861",
      "name": "mti-复制",
      "font_class": "mti-fuzhi",
      "unicode": "e74e",
      "unicode_decimal": 59214
    },
    {
      "icon_id": "41500862",
      "name": "mti-箭头上",
      "font_class": "mti-jiantoushang",
      "unicode": "e74f",
      "unicode_decimal": 59215
    },
    {
      "icon_id": "41500863",
      "name": "mti-箭头右&方向右",
      "font_class": "a-mti-jiantouyoufangxiangyou",
      "unicode": "e750",
      "unicode_decimal": 59216
    },
    {
      "icon_id": "41500864",
      "name": "mti-防控圈配置",
      "font_class": "mti-fangkongquanpeizhi",
      "unicode": "e751",
      "unicode_decimal": 59217
    },
    {
      "icon_id": "41500865",
      "name": "mti-查看详情",
      "font_class": "mti-chakanxiangqing",
      "unicode": "e752",
      "unicode_decimal": 59218
    },
    {
      "icon_id": "41500866",
      "name": "mti-箭头左-1",
      "font_class": "mti-jiantouzuo-1",
      "unicode": "e753",
      "unicode_decimal": 59219
    },
    {
      "icon_id": "41500867",
      "name": "mti-箭头下",
      "font_class": "mti-jiantouxia1",
      "unicode": "e754",
      "unicode_decimal": 59220
    },
    {
      "icon_id": "41500868",
      "name": "mti-减",
      "font_class": "mti-jian",
      "unicode": "e755",
      "unicode_decimal": 59221
    },
    {
      "icon_id": "41500869",
      "name": "mti-禁止",
      "font_class": "mti-jinzhi",
      "unicode": "e756",
      "unicode_decimal": 59222
    },
    {
      "icon_id": "41500870",
      "name": "mti-箭头下&方向下",
      "font_class": "a-mti-jiantouxiafangxiangxia",
      "unicode": "e757",
      "unicode_decimal": 59223
    },
    {
      "icon_id": "41500871",
      "name": "mti-箭头上&方向上",
      "font_class": "a-mti-jiantoushangfangxiangshang",
      "unicode": "e758",
      "unicode_decimal": 59224
    },
    {
      "icon_id": "41500872",
      "name": "mti-管控配置",
      "font_class": "mti-guankongpeizhi",
      "unicode": "e759",
      "unicode_decimal": 59225
    },
    {
      "icon_id": "41500873",
      "name": "mti-结束",
      "font_class": "mti-jieshu",
      "unicode": "e75a",
      "unicode_decimal": 59226
    },
    {
      "icon_id": "41500874",
      "name": "mti-箭头左",
      "font_class": "mti-jiantouzuo1",
      "unicode": "e75b",
      "unicode_decimal": 59227
    },
    {
      "icon_id": "41500875",
      "name": "mti-密码",
      "font_class": "mti-mima",
      "unicode": "e75c",
      "unicode_decimal": 59228
    },
    {
      "icon_id": "41500876",
      "name": "mti-切换",
      "font_class": "mti-qiehuan",
      "unicode": "e75d",
      "unicode_decimal": 59229
    },
    {
      "icon_id": "41500877",
      "name": "mti-关注",
      "font_class": "mti-guanzhu",
      "unicode": "e75e",
      "unicode_decimal": 59230
    },
    {
      "icon_id": "41500878",
      "name": "mti-箭头左&方向左",
      "font_class": "a-mti-jiantouzuofangxiangzuo",
      "unicode": "e75f",
      "unicode_decimal": 59231
    },
    {
      "icon_id": "41500880",
      "name": "mti-上传",
      "font_class": "mti-shangchuan",
      "unicode": "e760",
      "unicode_decimal": 59232
    },
    {
      "icon_id": "41500881",
      "name": "mti-箭头右",
      "font_class": "mti-jiantouyou1",
      "unicode": "e761",
      "unicode_decimal": 59233
    },
    {
      "icon_id": "41500882",
      "name": "mti-箭头右-1",
      "font_class": "mti-jiantouyou-1",
      "unicode": "e762",
      "unicode_decimal": 59234
    },
    {
      "icon_id": "41500883",
      "name": "mti-收折",
      "font_class": "mti-shouzhe",
      "unicode": "e763",
      "unicode_decimal": 59235
    },
    {
      "icon_id": "41500884",
      "name": "mti-批注信息",
      "font_class": "mti-pizhuxinxi",
      "unicode": "e764",
      "unicode_decimal": 59236
    },
    {
      "icon_id": "41500885",
      "name": "mti-筛选",
      "font_class": "mti-shaixuan",
      "unicode": "e765",
      "unicode_decimal": 59237
    },
    {
      "icon_id": "41500886",
      "name": "mti-双箭头左",
      "font_class": "mti-shuangjiantouzuo",
      "unicode": "e766",
      "unicode_decimal": 59238
    },
    {
      "icon_id": "41500887",
      "name": "mti-解密",
      "font_class": "mti-jiemi",
      "unicode": "e767",
      "unicode_decimal": 59239
    },
    {
      "icon_id": "41500888",
      "name": "mti-设置",
      "font_class": "mti-shezhi",
      "unicode": "e768",
      "unicode_decimal": 59240
    },
    {
      "icon_id": "41500889",
      "name": "mti-搜索",
      "font_class": "mti-sousuo",
      "unicode": "e769",
      "unicode_decimal": 59241
    },
    {
      "icon_id": "41500890",
      "name": "mti-下载",
      "font_class": "mti-xiazai",
      "unicode": "e76a",
      "unicode_decimal": 59242
    },
    {
      "icon_id": "41500891",
      "name": "mti-推送",
      "font_class": "mti-tuisong",
      "unicode": "e76b",
      "unicode_decimal": 59243
    },
    {
      "icon_id": "41500892",
      "name": "mti-评论",
      "font_class": "mti-pinglun",
      "unicode": "e76c",
      "unicode_decimal": 59244
    },
    {
      "icon_id": "41500893",
      "name": "mti-双箭头右",
      "font_class": "mti-shuangjiantouyou",
      "unicode": "e76d",
      "unicode_decimal": 59245
    },
    {
      "icon_id": "41500894",
      "name": "mti-视频配置",
      "font_class": "mti-shipinpeizhi",
      "unicode": "e76e",
      "unicode_decimal": 59246
    },
    {
      "icon_id": "41500895",
      "name": "mti-批注",
      "font_class": "mti-pizhu",
      "unicode": "e76f",
      "unicode_decimal": 59247
    },
    {
      "icon_id": "41500896",
      "name": "mti-添加&新增",
      "font_class": "a-mti-xinzengxinzeng",
      "unicode": "e770",
      "unicode_decimal": 59248
    },
    {
      "icon_id": "41500897",
      "name": "mti-删除",
      "font_class": "mti-shanchu",
      "unicode": "e771",
      "unicode_decimal": 59249
    },
    {
      "icon_id": "41500898",
      "name": "mti-收缩",
      "font_class": "mti-shousuo",
      "unicode": "e772",
      "unicode_decimal": 59250
    },
    {
      "icon_id": "41500899",
      "name": "mti-置顶",
      "font_class": "mti-zhiding",
      "unicode": "e773",
      "unicode_decimal": 59251
    },
    {
      "icon_id": "41500900",
      "name": "mti-推送记录",
      "font_class": "mti-tuisongjilu",
      "unicode": "e774",
      "unicode_decimal": 59252
    },
    {
      "icon_id": "41500901",
      "name": "mti-拖拽中心",
      "font_class": "mti-tuozhuaizhongxin",
      "unicode": "e775",
      "unicode_decimal": 59253
    },
    {
      "icon_id": "41500902",
      "name": "mti-刷新",
      "font_class": "mti-shuaxin",
      "unicode": "e776",
      "unicode_decimal": 59254
    },
    {
      "icon_id": "41500903",
      "name": "mti-未关联",
      "font_class": "mti-weiguanlian",
      "unicode": "e777",
      "unicode_decimal": 59255
    },
    {
      "icon_id": "41500904",
      "name": "mti-展开",
      "font_class": "mti-zhankai",
      "unicode": "e778",
      "unicode_decimal": 59256
    },
    {
      "icon_id": "41500905",
      "name": "mti-重启",
      "font_class": "mti-zhongqi",
      "unicode": "e779",
      "unicode_decimal": 59257
    },
    {
      "icon_id": "41500906",
      "name": "mti-状态&漏斗",
      "font_class": "a-mti-zhuangtailoudou",
      "unicode": "e77a",
      "unicode_decimal": 59258
    },
    {
      "icon_id": "41500907",
      "name": "mti-资源配置",
      "font_class": "mti-ziyuanpeizhi",
      "unicode": "e77b",
      "unicode_decimal": 59259
    },
    {
      "icon_id": "5203299",
      "name": "太阳",
      "font_class": "taiyang",
      "unicode": "e635",
      "unicode_decimal": 58933
    },
    {
      "icon_id": "18447222",
      "name": "月亮",
      "font_class": "yueliang",
      "unicode": "e67b",
      "unicode_decimal": 59003
    },
    {
      "icon_id": "41498698",
      "name": "mti-箭头左",
      "font_class": "mti-jiantouzuo",
      "unicode": "e73f",
      "unicode_decimal": 59199
    },
    {
      "icon_id": "41498714",
      "name": "mti-箭头右",
      "font_class": "mti-jiantouyou",
      "unicode": "e740",
      "unicode_decimal": 59200
    },
    {
      "icon_id": "41502936",
      "name": "github",
      "font_class": "github",
      "unicode": "e601",
      "unicode_decimal": 58881
    },
    {
      "icon_id": "41502937",
      "name": "bing",
      "font_class": "bing",
      "unicode": "e602",
      "unicode_decimal": 58882
    },
    {
      "icon_id": "41502948",
      "name": "google",
      "font_class": "google",
      "unicode": "e604",
      "unicode_decimal": 58884
    },
    {
      "icon_id": "592049",
      "name": "菜单",
      "font_class": "caidan",
      "unicode": "e790",
      "unicode_decimal": 59280
    },
    {
      "icon_id": "41498691",
      "name": "mti-箭头下",
      "font_class": "mti-jiantouxia",
      "unicode": "e73d",
      "unicode_decimal": 59197
    },
    {
      "icon_id": "41498693",
      "name": "mti-关闭",
      "font_class": "mti-guanbi",
      "unicode": "e73e",
      "unicode_decimal": 59198
    },
    {
      "icon_id": "17756828",
      "name": "搜索",
      "font_class": "sousuo",
      "unicode": "e614",
      "unicode_decimal": 58900
    }
  ]
}
